{"proxies":{"ti.bottombarchecker.TiBottombarcheckerModule":{"superPackageName":"org.appcelerator.kroll","methods":{"isEdgeToEdgeEnabled":{"runOnUiThread":false,"hasInvocation":false,"args":[],"apiName":"isEdgeToEdgeEnabled","converter":"org.appcelerator.kroll.KrollConverter","defaultValueProvider":"org.appcelerator.kroll.KrollConverter","name":"__default_name__","returnType":"int"},"updateNavigationBarColor":{"runOnUiThread":false,"hasInvocation":false,"args":[{"converter":"org.appcelerator.kroll.KrollConverter","defaultValueProvider":"org.appcelerator.kroll.KrollConverter","name":"colorHex","sourceName":"colorHex","type":"java.lang.String"}],"apiName":"updateNavigationBarColor","converter":"org.appcelerator.kroll.KrollConverter","defaultValueProvider":"org.appcelerator.kroll.KrollConverter","name":"__default_name__","returnType":"void"}},"superProxyBindingClassName":"org.appcelerator.kroll.KrollModuleBindingGen","proxyClassName":"TiBottombarcheckerModule","proxyAttrs":{"propertyAccessors":[],"fullAPIName":"TiBottombarchecker","name":"TiBottombarchecker","proxyClassName":"ti.bottombarchecker.TiBottombarcheckerModule","isTopLevel":false,"id":"ti.bottombarchecker"},"packageName":"ti.bottombarchecker","sourceName":"ti.bottombarchecker.TiBottombarcheckerModuleBindingGen","isTitaniumSdk":false,"superProxyClassName":"KrollModule","isModule":true,"genClassName":"TiBottombarcheckerModuleBindingGen"}},"modules":{"ti.bottombarchecker.TiBottombarcheckerModule":{"apiName":"TiBottombarchecker"}}}