{"proxies":{"ti.bottombarchecker.TiBottombarcheckerModule":{"superPackageName":"org.appcelerator.kroll","methods":{"isEdgeToEdgeEnabled":{"runOnUiThread":false,"hasInvocation":false,"args":[],"apiName":"isEdgeToEdgeEnabled","converter":"org.appcelerator.kroll.KrollConverter","defaultValueProvider":"org.appcelerator.kroll.KrollConverter","name":"__default_name__","returnType":"int"},"updateNavigationBarColor":{"runOnUiThread":false,"hasInvocation":false,"args":[{"converter":"org.appcelerator.kroll.KrollConverter","defaultValueProvider":"org.appcelerator.kroll.KrollConverter","name":"colorHex","sourceName":"colorHex","type":"java.lang.String"}],"apiName":"updateNavigationBarColor","converter":"org.appcelerator.kroll.KrollConverter","defaultValueProvider":"org.appcelerator.kroll.KrollConverter","name":"__default_name__","returnType":"void"}},"superProxyBindingClassName":"org.appcelerator.kroll.KrollModuleBindingGen","proxyClassName":"TiBottombarcheckerModule","proxyAttrs":{"propertyAccessors":[],"fullAPIName":"TiBottombarchecker","name":"TiBottombarchecker","proxyClassName":"ti.bottombarchecker.TiBottombarcheckerModule","isTopLevel":false,"id":"ti.bottombarchecker"},"packageName":"ti.bottombarchecker","sourceName":"ti.bottombarchecker.TiBottombarcheckerModuleBindingGen","isTitaniumSdk":false,"superProxyClassName":"KrollModule","isModule":true,"genClassName":"TiBottombarcheckerModuleBindingGen"},"ti.bottombarchecker.ExampleProxy":{"superPackageName":"org.appcelerator.titanium.proxy","methods":{"printMessage":{"runOnUiThread":false,"hasInvocation":false,"args":[{"converter":"org.appcelerator.kroll.KrollConverter","defaultValueProvider":"org.appcelerator.kroll.KrollConverter","name":"message","sourceName":"message","type":"java.lang.String"}],"apiName":"printMessage","converter":"org.appcelerator.kroll.KrollConverter","defaultValueProvider":"org.appcelerator.kroll.KrollConverter","name":"__default_name__","returnType":"void"},"getMessage":{"runOnUiThread":false,"hasInvocation":false,"args":[],"apiName":"getMessage","converter":"org.appcelerator.kroll.KrollConverter","defaultValueProvider":"org.appcelerator.kroll.KrollConverter","name":"__default_name__","returnType":"java.lang.String"},"setMessage":{"runOnUiThread":false,"hasInvocation":false,"args":[{"converter":"org.appcelerator.kroll.KrollConverter","defaultValueProvider":"org.appcelerator.kroll.KrollConverter","name":"message","sourceName":"message","type":"java.lang.String"}],"apiName":"setMessage","converter":"org.appcelerator.kroll.KrollConverter","defaultValueProvider":"org.appcelerator.kroll.KrollConverter","name":"__default_name__","returnType":"void"}},"dynamicProperties":{"message":{"set":true,"nativeConverter":"org.appcelerator.kroll.KrollConverter","getMethodName":"getMessage","setMethodName":"setMessage","setMethodArgs":[{"converter":"org.appcelerator.kroll.KrollConverter","defaultValueProvider":"org.appcelerator.kroll.KrollConverter","name":"message","sourceName":"message","type":"java.lang.String"}],"setDefaultProviders":["org.appcelerator.kroll.KrollConverter"],"converter":"org.appcelerator.kroll.KrollConverter","defaultValueProvider":"org.appcelerator.kroll.KrollConverter","retain":true,"javascriptConverter":"org.appcelerator.kroll.KrollConverter","getHasInvocation":false,"runOnUiThread":false,"getMethodArgs":[],"getReturnType":"java.lang.String","setReturnType":"void","get":true,"name":"message","setHasInvocation":false,"getDefaultProviders":[]}},"superProxyBindingClassName":"org.appcelerator.titanium.proxy.TiViewProxyBindingGen","proxyClassName":"ExampleProxy","proxyAttrs":{"propertyAccessors":[],"fullAPIName":"TiBottombarchecker.Example","name":"Example","proxyClassName":"ti.bottombarchecker.ExampleProxy","isTopLevel":false,"id":"ti.bottombarchecker.ExampleProxy","creatableInModule":"ti.bottombarchecker.TiBottombarcheckerModule","parentModule":"org.appcelerator.kroll.annotations.Kroll.DEFAULT"},"packageName":"ti.bottombarchecker","sourceName":"ti.bottombarchecker.ExampleProxyBindingGen","isTitaniumSdk":false,"superProxyClassName":"TiViewProxy","isModule":false,"genClassName":"ExampleProxyBindingGen"}},"modules":{"ti.bottombarchecker.TiBottombarcheckerModule":{"apiName":"TiBottombarchecker","createProxies":[{"propertyAccessors":[],"fullAPIName":"TiBottombarchecker.Example","name":"Example","proxyClassName":"ti.bottombarchecker.ExampleProxy","isTopLevel":false,"id":"ti.bottombarchecker.ExampleProxy","creatableInModule":"ti.bottombarchecker.TiBottombarcheckerModule","parentModule":"org.appcelerator.kroll.annotations.Kroll.DEFAULT"}]}}}